Nama_Daerah,RLS,Kemiskinan,IPM,Kategori_IPM,latitude,longitude
SIMEULUE,9.89,17.69,69.01,Sedang,2.583333,96.083333
ACEH SINGKIL,8.72,19.06,70.75,Tinggi,2.3589459,97.87216
ACEH SELATAN,8.92,12.02,69.1,Sedang,3.3115056,97.3516558
ACEH TENGGARA,10.1,11.99,71.7,Tinggi,3.3088666,97.6982272
ACEH TIMUR,8.48,13.26,69.87,Sedang,5.255443,95.9885456
ACEH TENGAH,10.03,14.27,75.41,Tinggi,4.4482641,96.8350999
ACEH BARAT,9.99,17.6,73.69,Tinggi,4.4542745,96.1526985
ACEH BESAR,10.37,13.21,75.13,Tinggi,5.4529168,95.4777811
PIDIE,9.04,18.59,72.31,Tinggi,5.0742659,95.940971
BIREUEN,9.59,12.1,74.45,Tinggi,5.18254,96.89005
ACEH UTARA,9.11,16.11,71.7,Tinggi,4.9786331,97.2221421
ACEH BARAT DAYA,8.78,15.32,68.75,Sedang,3.0512643,97.3368031
GAYO LUES,8.44,18.3,69.83,Sedang,3.955165,97.3516558
ACEH TAMIANG,9.3,12.17,72.32,Tinggi,4.2328871,98.0028892
NAGAN RAYA,9.25,16.94,71.72,Tinggi,4.1248406,96.4929797
ACEH JAYA,9.02,12.25,71.83,Tinggi,4.7873684,95.6457951
BENER MERIAH,10.13,18.18,75.01,Tinggi,4.7748348,97.0068393
PIDIE JAYA,9.59,18.28,75.16,Tinggi,5.1548063,96.195132
KOTA BANDA ACEH,13.1,6.95,87.17,Sangat Tinggi,5.55,95.3166667
KOTA SABANG,11.22,14.58,78.32,Tinggi,5.8946929,95.3192982
KOTA LANGSA,11.28,10.33,78.81,Tinggi,4.48,97.9633333
KOTA LHOKSEUMAWE,11.31,10.44,79.55,Tinggi,5.1880556,97.1402778
KOTA SUBULUSSALAM,8.43,16.38,68.04,Sedang,2.6449927,98.0165205
NIAS,6.4,14.89,65.55,Sedang,-8.1712591,113.7111274
MANDAILING NATAL,9.11,8.69,69.33,Sedang,0.7432372,99.3673084
TAPANULI SELATAN,9.56,6.92,72.14,Tinggi,1.5774933,99.2785583
TAPANULI TENGAH,8.92,11.8,71.52,Tinggi,1.8493299,98.704075
TAPANULI UTARA,10.31,8.21,75.23,Tinggi,2.0405246,99.1013498
TOBA SAMOSIR,10.77,8.07,76.91,Tinggi,2.3502398,99.2785583
LABUHAN BATU,9.5,7.84,74.18,Tinggi,2.3439863,100.1703257
ASAHAN,8.85,8.12,72.09,Tinggi,2.8174722,99.634135
SIMALUNGUN,9.73,7.72,74.97,Tinggi,2.9781612,99.2785583
DAIRI,9.89,7.1,73.92,Tinggi,2.8675801,98.265058
KARO,10.12,7.37,76.55,Tinggi,3.1052909,98.265058
DELI SERDANG,10.29,3.44,76.92,Tinggi,3.4201802,98.704075
LANGKAT,8.74,9.04,72.73,Tinggi,3.8653916,98.3088441
NIAS SELATAN,6.52,16.32,65.02,Sedang,0.7086091,97.8286368
HUMBANG HASUNDUTAN,10.13,8.44,71.59,Tinggi,2.1988508,98.5721016
PAKPAK BHARAT,9.73,6.87,70.36,Tinggi,2.545786,98.299838
SAMOSIR,9.61,11.63,72.88,Tinggi,2.5833333,98.8166667
SERDANG BEDAGAI,9.12,6.97,72.47,Tinggi,3.3371694,99.0571089
BATU BARA,8.51,10.94,70.83,Tinggi,3.1740979,99.5006143
PADANG LAWAS UTARA,9.82,8.97,72.32,Tinggi,1.5758644,99.634135
PADANG LAWAS,9.63,7.87,71.27,Tinggi,1.1186977,99.8124935
LABUHAN BATU SELATAN,9.19,7.73,73.67,Tinggi,1.8799353,100.1703257
LABUHAN BATU UTARA,9.14,8.98,74.4,Tinggi,2.3465638,99.8124935
NIAS UTARA,7.05,21.5,65.62,Sedang,1.1255279,97.5247243
NIAS BARAT,7.26,22.68,64.67,Sedang,1.1255279,97.5247243
KOTA SIBOLGA,10.45,11.39,75.66,Tinggi,1.7403745,98.7827988
KOTA TANJUNG BALAI,9.69,11.97,71.1,Tinggi,2.965122,99.800331
KOTA PEMATANG SIANTAR,11.82,7.2,81.17,Sangat Tinggi,2.96,99.06
KOTA TEBING TINGGI,10.87,8.79,77.45,Tinggi,3.3856205,99.2009815
KOTA MEDAN,11.79,7.94,82.76,Sangat Tinggi,3.585242,98.6755979
KOTA BINJAI,11.2,4.75,78.1,Tinggi,3.594462,98.482246
KOTA PADANGSIDIMPUAN,11.13,6.23,76.96,Tinggi,1.380424,99.273972
KOTA GUNUNGSITOLI,8.76,14.72,71.41,Tinggi,1.281964,97.61594
KEPULAUAN MENTAWAI,8.03,13.89,63.99,Sedang,-1.426001,98.9245343
PESISIR SELATAN,8.81,7.49,72.02,Tinggi,-1.7223147,100.8903099
SOLOK,7.91,7.31,71.02,Tinggi,-0.803027,100.644402
SIJUNJUNG,8.62,5.78,70.23,Tinggi,-0.6881586,100.997658
TANAH DATAR,9.29,4.28,74.9,Tinggi,-0.4797043,100.5746224
PADANG PARIAMAN,8.42,6.27,73.1,Tinggi,-0.5546757,100.2151578
AGAM,9.23,6.83,74.66,Tinggi,-0.2209392,100.1703257
LIMA PULUH KOTA,8.13,6.92,71.14,Tinggi,3.168216,99.4187929
PASAMAN,8.14,6.74,68.89,Sedang,0.1288752,99.7901781
SOLOK SELATAN,8.85,6.56,71.5,Tinggi,-1.4157329,101.2523792
DHARMASRAYA,8.98,5.32,74.06,Tinggi,-1.1120568,101.6157773
PASAMAN BARAT,8.99,7.0,70.93,Tinggi,0.2213005,99.634135
KOTA PADANG,11.63,4.06,83.99,Sangat Tinggi,-0.95,100.3530556
KOTA SOLOK,11.37,3.07,80.0,Sangat Tinggi,-0.803027,100.644402
KOTA SAWAH LUNTO,10.53,2.33,75.13,Tinggi,-0.6810286,100.7763604
KOTA PADANG PANJANG,12.0,5.31,80.17,Sangat Tinggi,-0.470679,100.4059456
KOTA BUKITTINGGI,11.65,4.08,82.51,Sangat Tinggi,-0.3055556,100.3691667
KOTA PAYAKUMBUH,10.89,5.19,80.61,Sangat Tinggi,-0.22887,100.632301
KOTA PARIAMAN,11.06,4.26,78.88,Tinggi,-0.6264389,100.1179574
KUANTAN SINGINGI,9.14,7.89,72.33,Tinggi,-0.4411596,101.5248055
INDRAGIRI HULU,8.43,6.02,71.48,Tinggi,-0.7361181,102.2547919
INDRAGIRI HILIR,7.32,5.66,68.38,Sedang,-0.1456733,102.989615
PELALAWAN,8.96,8.49,74.08,Tinggi,0.441415,102.088699
SIAK,9.92,5.08,75.45,Tinggi,-0.789275,113.921327
KAMPAR,9.58,6.92,74.85,Tinggi,0.146671,101.1617356
ROKAN HULU,8.94,9.62,71.82,Tinggi,1.0410934,100.439656
BENGKALIS,9.74,6.36,75.28,Tinggi,1.4897222,102.0797222
ROKAN HILIR,8.53,7.01,71.2,Tinggi,1.6463978,100.8000051
KEPULAUAN MERANTI,8.12,23.15,67.92,Sedang,0.9208765,102.6675575
KOTA PEKANBARU,11.96,3.15,82.89,Sangat Tinggi,0.5333333,101.45
KOTA DUMAI,10.29,3.14,76.19,Tinggi,1.665742,101.447601
KERINCI,8.6,6.93,73.11,Tinggi,-1.697,101.264
MERANGIN,8.4,8.4,71.66,Tinggi,-2.1752789,101.9804613
SAROLANGUN,8.35,8.36,72.01,Tinggi,-2.2654937,102.6905326
BATANG HARI,8.35,8.63,71.67,Tinggi,-1.7083922,103.0817903
MUARO JAMBI,8.7,3.65,71.91,Tinggi,-1.596672,103.615799
TANJUNG JABUNG TIMUR,7.7,10.14,67.54,Sedang,-1.3291599,103.89973
TANJUNG JABUNG BARAT,8.32,9.54,69.93,Sedang,-1.2332122,103.7984428
TEBO,8.04,6.12,71.32,Tinggi,-1.2592999,102.3463875
BUNGO,8.6,5.06,71.92,Tinggi,-1.6401338,101.8891721
KOTA JAMBI,11.51,7.73,81.04,Sangat Tinggi,-1.596672,103.615799
KOTA SUNGAI PENUH,10.48,2.92,77.4,Tinggi,-2.06314,101.387199
OGAN KOMERING ULU,8.86,10.68,71.55,Tinggi,-4.0283486,104.0072348
OGAN KOMERING ILIR,7.19,12.08,69.33,Sedang,-3.4559744,105.2194808
MUARA ENIM,8.27,9.79,71.0,Tinggi,-3.651581,103.770798
LAHAT,8.69,14.14,69.77,Sedang,-3.7863889,103.5427778
MUSI RAWAS,7.57,13.44,68.95,Sedang,-2.8625305,102.989615
MUSI BANYUASIN,7.95,12.88,70.12,Tinggi,-2.5442029,103.7289167
BANYU ASIN,7.48,9.31,69.51,Sedang,-2.6095639,104.7520939
OGAN KOMERING ULU SELATAN,8.25,9.86,67.65,Sedang,-4.6681951,104.0072348
OGAN KOMERING ULU TIMUR,8.08,9.75,71.55,Tinggi,-3.8567934,104.7520939
OGAN ILIR,8.09,12.3,69.4,Sedang,-3.426544,104.6121475
EMPAT LAWANG,7.68,10.78,67.25,Sedang,-3.7286029,102.8975098
PENUKAL ABAB LEMATANG ILIR,7.27,9.82,67.48,Sedang,-3.2145,104.0934
MUSI RAWAS UTARA,7.51,17.38,67.4,Sedang,-2.4925,103.0016
KOTA PALEMBANG,10.93,9.77,80.57,Sangat Tinggi,-2.9911083,104.7567333
KOTA PRABUMULIH,10.36,10.13,77.08,Tinggi,-3.440956,104.235397
KOTA PAGAR ALAM,9.44,8.18,71.19,Tinggi,-4.03767,103.265297
KOTA LUBUKLINGGAU,9.94,11.14,76.82,Tinggi,-3.2966667,102.8616667
BENGKULU SELATAN,9.42,17.1,72.35,Tinggi,-4.3248409,103.035694
REJANG LEBONG,8.81,14.65,72.92,Tinggi,-3.4548154,102.6675575
BENGKULU UTARA,8.32,10.96,71.11,Tinggi,-3.4219555,102.1632718
KAUR,8.47,17.12,68.98,Sedang,-4.6792278,103.4511768
SELUMA,8.14,17.23,68.97,Sedang,-4.0622929,102.5642261
MUKOMUKO,8.57,10.76,70.63,Tinggi,-2.5760003,101.1169805
LEBONG,8.41,10.45,69.27,Sedang,-2.992617,104.382202
KEPAHIANG,8.37,12.9,70.27,Tinggi,-3.651431,102.578201
BENGKULU TENGAH,7.71,10.14,69.84,Sedang,-3.7955556,102.2591667
KOTA BENGKULU,11.84,13.76,82.04,Sangat Tinggi,-3.7955556,102.2591667
LAMPUNG BARAT,8.56,10.68,69.84,Sedang,-5.1490396,104.1930918
TANGGAMUS,7.38,10.28,68.52,Sedang,-5.3027489,104.5655273
LAMPUNG SELATAN,7.78,12.57,70.28,Tinggi,-5.5622614,105.5474373
LAMPUNG TIMUR,8.2,13.19,71.84,Tinggi,-5.1134995,105.6881788
LAMPUNG TENGAH,7.97,10.37,72.37,Tinggi,-4.8008086,105.3131185
LAMPUNG UTARA,8.38,16.92,69.62,Sedang,-4.8133905,104.7520939
WAY KANAN,7.75,10.43,69.31,Sedang,-4.4963689,104.5655273
TULANGBAWANG,7.65,7.88,70.66,Tinggi,-4.3176576,105.5005483
PESAWARAN,8.0,11.86,68.52,Sedang,-5.493245,105.0791228
PRINGSEWU,8.53,8.32,72.29,Tinggi,-5.3539884,104.9622498
MESUJI,7.21,6.31,66.46,Sedang,-4.0044783,105.3131185
TULANG BAWANG BARAT,7.8,7.22,68.46,Sedang,-4.5256967,105.0791228
PESISIR BARAT,8.73,12.64,66.73,Sedang,-5.1932,103.9448
KOTA BANDAR LAMPUNG,10.99,7.37,79.19,Tinggi,-5.45,105.2666667
KOTA METRO,11.01,6.78,78.93,Tinggi,-5.1166667,105.3
BANGKA,8.45,4.24,73.98,Tinggi,-2.2884782,106.0640179
BELITUNG,9.05,6.11,74.47,Tinggi,-2.8708938,107.9531836
BANGKA BARAT,7.48,2.59,70.67,Tinggi,-2.2884782,106.0640179
BANGKA TENGAH,7.24,5.94,71.9,Tinggi,-2.2884782,106.0640179
BANGKA SELATAN,6.93,3.74,68.86,Sedang,-2.2884782,106.0640179
BELITUNG TIMUR,8.99,6.36,73.19,Tinggi,-2.8708938,107.9531836
KOTA PANGKAL PINANG,10.67,4.04,80.4,Sangat Tinggi,-2.129323,106.109596
KARIMUN,8.91,5.78,74.28,Tinggi,1.05,103.3666667
BINTAN,9.15,5.44,76.18,Tinggi,1.0619173,104.5189214
NATUNA,9.2,5.04,74.56,Tinggi,3.9329945,108.1812242
LINGGA,7.6,9.99,68.19,Sedang,-0.1627686,104.6354631
KEPULAUAN ANAMBAS,7.53,6.67,70.93,Tinggi,3.2174,106.2625
KOTA BATAM,11.21,4.85,82.86,Sangat Tinggi,1.0456264,104.0304535
KOTA TANJUNG PINANG,10.67,6.86,80.63,Sangat Tinggi,0.9179205,104.446464
KEPULAUAN SERIBU,9.26,13.03,74.17,Tinggi,-5.7985266,106.5071982
KOTA JAKARTA SELATAN,11.95,3.03,86.94,Sangat Tinggi,-6.332973,106.807915
KOTA JAKARTA TIMUR,11.99,4.09,84.65,Sangat Tinggi,-6.211544,106.845172
KOTA JAKARTA PUSAT,11.61,4.63,83.01,Sangat Tinggi,-6.211544,106.845172
KOTA JAKARTA BARAT,11.24,3.94,83.64,Sangat Tinggi,-6.211544,106.845172
KOTA JAKARTA UTARA,10.85,6.44,81.39,Sangat Tinggi,-6.211544,106.845172
BOGOR,8.39,7.05,72.39,Tinggi,-6.6,106.8
SUKABUMI,7.34,6.87,68.97,Sedang,-6.92405,106.922203
CIANJUR,7.33,10.14,67.24,Sedang,-6.8172531,107.1307289
BANDUNG,9.15,6.19,74.27,Tinggi,-6.9147444,107.6098111
GARUT,7.85,9.68,68.79,Sedang,-7.227906,107.908699
TASIKMALAYA,7.97,10.23,68.36,Sedang,-7.327954,108.214104
CIAMIS,8.1,7.39,72.56,Tinggi,-7.3333333,108.35
KUNINGAN,7.9,11.88,71.26,Tinggi,-6.9833333,108.4833333
CIREBON,7.65,11.0,71.44,Tinggi,-6.715534,108.564003
MAJALENGKA,7.53,10.82,69.74,Sedang,-6.8531026,108.2258897
SUMEDANG,8.74,9.1,73.73,Tinggi,0.6095949,110.0330554
INDRAMAYU,6.95,11.93,69.83,Sedang,-6.336315,108.325104
SUBANG,7.46,9.49,71.36,Tinggi,-6.569361,107.752403
PURWAKARTA,8.14,8.41,72.65,Tinggi,-6.5386806,107.4499404
KARAWANG,8.05,7.86,72.9,Tinggi,-6.3227303,107.3375791
BEKASI,9.76,4.8,76.44,Tinggi,-6.2333333,107.0
BANDUNG BARAT,8.24,10.49,70.03,Tinggi,-6.8937121,107.4321959
PANGANDARAN,8.1,8.75,69.85,Sedang,-7.6834,108.4874
KOTA BOGOR,10.71,6.53,78.52,Tinggi,-6.6,106.8
KOTA SUKABUMI,10.38,7.2,76.85,Tinggi,-6.92405,106.922203
KOTA BANDUNG,11.07,3.87,83.52,Sangat Tinggi,-6.9147444,107.6098111
KOTA CIREBON,10.53,9.02,77.08,Tinggi,-6.715534,108.564003
KOTA BEKASI,11.79,4.01,83.54,Sangat Tinggi,-6.2333333,107.0
KOTA DEPOK,11.59,2.34,82.91,Sangat Tinggi,-6.39,106.83
KOTA CIMAHI,11.52,4.39,80.08,Sangat Tinggi,-6.880239,107.5355
KOTA TASIKMALAYA,9.63,11.1,75.04,Tinggi,-7.327954,108.214104
KOTA BANJAR,8.83,5.85,73.64,Tinggi,-7.3666667,108.5333333
CILACAP,7.4,10.68,72.38,Tinggi,-7.733333,109.0
BANYUMAS,7.91,11.95,74.52,Tinggi,-7.4832133,109.140438
PURBALINGGA,7.36,14.18,70.69,Tinggi,-7.390747,109.3638
BANJARNEGARA,6.87,14.71,69.6,Sedang,-7.402706,109.681396
KEBUMEN,7.87,15.71,71.93,Tinggi,-7.678682,109.656502
PURWOREJO,8.65,10.87,75.11,Tinggi,-7.709731,110.008003
WONOSOBO,6.9,15.28,69.82,Sedang,-7.362109,109.899399
MAGELANG,7.83,10.83,71.99,Tinggi,-7.481253,110.213799
BOYOLALI,8.17,9.63,75.96,Tinggi,-7.523819,110.595901
KLATEN,9.29,12.04,78.16,Tinggi,-7.711687,110.595497
SUKOHARJO,10.01,7.47,79.3,Tinggi,-7.6808818,110.8195292
WONOGIRI,7.68,10.71,72.55,Tinggi,-7.817782,110.920601
KARANGANYAR,9.26,9.59,78.11,Tinggi,-7.5961111,110.9508333
SRAGEN,7.88,12.41,75.53,Tinggi,-7.430229,111.021301
GROBOGAN,7.29,11.43,72.02,Tinggi,-7.0217194,110.9625854
BLORA,7.26,11.42,71.39,Tinggi,-6.95,111.4166667
REMBANG,7.73,14.02,72.53,Tinggi,-6.71124,111.345299
PATI,7.82,9.17,74.1,Tinggi,-6.751338,111.038002
KUDUS,9.35,7.23,77.22,Tinggi,-6.804087,110.838203
JEPARA,8.27,6.09,74.32,Tinggi,-6.5596059,110.6717
DEMAK,8.28,11.89,74.57,Tinggi,-6.888115,110.639297
SEMARANG,8.16,6.96,75.67,Tinggi,-6.9666667,110.4166667
TEMANGGUNG,7.53,8.67,71.87,Tinggi,-7.316669,110.174797
KENDAL,7.74,9.35,74.34,Tinggi,-6.919686,110.205597
BATANG,7.08,8.73,70.74,Tinggi,-6.8941111,109.7234519
PEKALONGAN,7.48,8.95,71.84,Tinggi,-6.882887,109.669998
PEMALANG,6.56,14.92,68.55,Sedang,-6.884234,109.377998
TEGAL,7.36,6.81,70.77,Tinggi,-6.8666667,109.1333333
BREBES,6.41,15.6,68.46,Sedang,-6.8833333,109.05
KOTA MAGELANG,11.43,5.94,82.15,Sangat Tinggi,-7.481253,110.213799
KOTA SURAKARTA,11.25,8.31,84.4,Sangat Tinggi,-7.5666667,110.8166667
KOTA SALATIGA,11.48,4.57,85.72,Sangat Tinggi,-7.302328,110.4729
KOTA SEMARANG,11.05,4.03,85.25,Sangat Tinggi,-6.9666667,110.4166667
KOTA PEKALONGAN,9.34,6.71,77.22,Tinggi,-6.882887,109.669998
KOTA TEGAL,9.28,7.64,77.43,Tinggi,-6.8666667,109.1333333
KULON PROGO,9.2,15.62,76.14,Tinggi,-7.8266798,110.1640846
BANTUL,9.81,11.66,81.74,Sangat Tinggi,-7.8846111,110.3341111
GUNUNG KIDUL,7.35,15.18,71.89,Tinggi,-8.0305091,110.6168921
SLEMAN,11.33,7.46,85.61,Sangat Tinggi,-7.716165,110.335403
KOTA YOGYAKARTA,12.12,6.26,88.77,Sangat Tinggi,-7.797224,110.368797
PACITAN,7.9,13.08,70.74,Tinggi,-8.204614,111.08769
PONOROGO,7.8,9.11,73.01,Tinggi,-7.867827,111.466003
TRENGGALEK,7.92,10.5,72.24,Tinggi,-8.05,111.7166667
TULUNGAGUNG,8.68,6.28,75.09,Tinggi,-8.0666667,111.9
BLITAR,7.87,8.16,73.09,Tinggi,-8.1,112.15
KEDIRI,8.26,9.95,74.44,Tinggi,-7.816895,112.011398
MALANG,7.8,8.98,72.68,Tinggi,-7.981894,112.626503
LUMAJANG,7.27,8.65,68.8,Sedang,-8.137022,113.226601
JEMBER,6.54,9.01,69.15,Sedang,-8.172357,113.700302
BANYUWANGI,7.78,6.54,73.11,Tinggi,-8.2186111,114.3669444
BONDOWOSO,6.53,12.6,68.65,Sedang,-7.917704,113.813483
SITUBONDO,6.93,11.51,69.75,Sedang,-7.702534,113.955605
PROBOLINGGO,6.31,16.45,68.29,Sedang,-7.756928,113.211502
PASURUAN,7.46,8.63,70.73,Tinggi,-7.644872,112.903297
SIDOARJO,10.91,4.53,82.31,Sangat Tinggi,-7.4530278,112.7173389
MOJOKERTO,9.13,9.37,75.98,Tinggi,-7.4722222,112.4336111
JOMBANG,8.78,8.6,75.1,Tinggi,-7.5468395,112.2264794
NGANJUK,8.25,10.17,74.23,Tinggi,-7.602932,111.901808
MADIUN,8.2,10.63,73.74,Tinggi,-7.629714,111.513702
MAGETAN,8.69,9.32,75.87,Tinggi,-7.6493413,111.3381593
NGAWI,7.84,13.81,73.09,Tinggi,-7.38993,111.46193
BOJONEGORO,7.59,11.69,71.78,Tinggi,0.882681,124.4669566
TUBAN,7.53,14.36,71.23,Tinggi,-8.7493146,115.1711298
LAMONGAN,8.48,12.16,75.13,Tinggi,-7.406153,109.3946794
GRESIK,10.03,10.32,78.45,Tinggi,-7.15665,112.6555
BANGKALAN,6.01,18.66,66.27,Sedang,-7.0306912,112.7450068
SAMPANG,5.08,20.83,64.65,Sedang,-7.5782556,109.2058436
PAMEKASAN,7.17,13.41,68.49,Sedang,-7.1666667,113.4666667
SUMENEP,6.1,17.78,69.26,Sedang,-6.9253999,113.9060624
KOTA KEDIRI,10.92,6.51,81.35,Sangat Tinggi,-7.816895,112.011398
KOTA BLITAR,10.82,6.75,81.27,Sangat Tinggi,-8.1,112.15
KOTA MALANG,11.14,3.91,84.06,Sangat Tinggi,-7.981894,112.626503
KOTA PROBOLINGGO,9.72,6.18,76.27,Tinggi,-7.756928,113.211502
KOTA PASURUAN,9.94,6.32,77.75,Tinggi,-7.644872,112.903297
KOTA MOJOKERTO,11.38,5.57,80.92,Sangat Tinggi,-7.4722222,112.4336111
KOTA MADIUN,12.11,4.38,83.48,Sangat Tinggi,-7.629714,111.513702
KOTA SURABAYA,10.89,3.96,84.14,Sangat Tinggi,-7.289166,112.734398
KOTA BATU,9.87,3.06,78.79,Tinggi,-7.8671,112.5239
PANDEGLANG,7.16,9.18,66.99,Sedang,-6.314835,106.103897
LEBAK,6.61,8.44,65.86,Sedang,-6.5643956,106.2522143
TANGERANG,9.06,6.55,74.09,Tinggi,-6.1783056,106.6318889
SERANG,7.88,4.51,69.03,Sedang,-6.12009,106.150299
KOTA TANGERANG,11.14,5.43,80.02,Sangat Tinggi,-6.1783056,106.6318889
KOTA CILEGON,10.39,3.75,75.14,Tinggi,-6.0169825,106.040506
KOTA SERANG,8.93,5.65,73.99,Tinggi,-6.12009,106.150299
KOTA TANGERANG SELATAN,11.86,2.36,82.89,Sangat Tinggi,-6.2888889,106.7180556
JEMBRANA,8.7,4.51,74.6,Tinggi,-8.361852,114.6418
TABANAN,9.57,4.4,78.42,Tinggi,-8.544516,115.119797
BADUNG,11.14,2.23,83.87,Sangat Tinggi,-8.5819296,115.1770586
GIANYAR,9.84,4.0,79.82,Tinggi,-8.544185,115.3255
KLUNGKUNG,8.74,5.3,74.04,Tinggi,-8.5389222,115.4045111
BANGLI,7.58,5.06,71.34,Tinggi,-8.454303,115.354897
KARANGASEM,6.7,6.52,69.74,Sedang,-6.3996057,108.0503042
BULELENG,7.69,5.39,74.52,Tinggi,-8.113831,115.126999
KOTA DENPASAR,11.53,2.59,85.22,Sangat Tinggi,-8.65629,115.222099
LOMBOK BARAT,6.88,12.65,70.67,Tinggi,-8.6464599,116.1123078
LOMBOK TENGAH,6.73,12.07,69.17,Sedang,-8.694623,116.2777073
LOMBOK TIMUR,7.36,14.51,69.23,Sedang,-8.5134471,116.5609857
SUMBAWA,8.59,12.87,70.55,Tinggi,-8.6529334,117.3616476
DOMPU,9.04,11.59,70.78,Tinggi,-8.4966318,118.4747173
BIMA,8.3,13.88,68.94,Sedang,-8.460566,118.727402
SUMBAWA BARAT,8.99,12.23,73.86,Tinggi,-8.9292907,116.8910342
LOMBOK UTARA,6.4,23.96,67.24,Sedang,-8.3739076,116.2777073
KOTA MATARAM,9.58,8.0,80.6,Sangat Tinggi,-8.5833333,116.1166667
KOTA BIMA,10.96,8.12,78.04,Tinggi,-8.460566,118.727402
SUMBA BARAT,7.17,26.52,66.06,Sedang,-9.6548326,119.3947135
SUMBA TIMUR,7.77,27.04,67.68,Sedang,-9.9802103,120.3435506
KUPANG,7.62,21.37,66.57,Sedang,-10.1833333,123.5833333
TIMOR TENGAH SELATAN,7.21,24.68,64.36,Sedang,-9.7762816,124.4198243
TIMOR TENGAH UTARA,8.17,20.89,65.83,Sedang,-9.4522647,124.597132
BELU,7.5,13.86,64.43,Sedang,-9.4125796,124.9506625
ALOR,8.61,19.87,63.82,Sedang,-8.2754027,124.7298765
LEMBATA,8.27,24.22,66.62,Sedang,-8.4719075,123.4831906
FLORES TIMUR,8.06,11.25,66.29,Sedang,-8.3130942,122.9663018
SIKKA,6.99,11.89,67.41,Sedang,-8.6766175,122.1291843
ENDE,8.29,22.57,69.11,Sedang,-8.854053,121.654198
NGADA,8.83,11.87,69.52,Sedang,-8.7430424,120.9876321
MANGGARAI,7.91,19.01,67.28,Sedang,-8.6796987,120.3896651
ROTE NDAO,7.83,25.78,64.59,Sedang,-10.7386421,123.1239049
MANGGARAI BARAT,8.21,16.74,66.65,Sedang,-8.6688149,120.0665236
SUMBA TENGAH,7.23,30.84,64.31,Sedang,-9.4879226,119.6962677
SUMBA BARAT DAYA,6.39,27.2,64.27,Sedang,-9.539139,119.1390642
NAGEKEO,8.23,12.3,67.72,Sedang,-8.6753545,121.3084088
MANGGARAI TIMUR,7.96,24.9,64.2,Sedang,-8.6206712,120.6199895
SABU RAIJUA,6.99,28.13,59.58,Rendah,-10.5541116,121.8334868
MALAKA,7.14,13.92,62.73,Sedang,-9.5663,124.8943
KOTA KUPANG,11.64,8.24,81.08,Sangat Tinggi,-10.1833333,123.5833333
SAMBAS,6.76,6.53,69.31,Sedang,1.361328,109.309998
BENGKAYANG,7.41,6.0,70.3,Tinggi,0.8209729,109.477699
LANDAK,7.46,8.98,69.08,Sedang,0.4237287,109.7591675
MEMPAWAH,7.21,4.83,68.56,Sedang,-0.022523,109.330307
SANGGAU,7.47,4.67,68.43,Sedang,0.119275,110.597298
KETAPANG,7.68,8.5,69.42,Sedang,-1.859098,109.971901
SINTANG,7.65,8.03,69.42,Sedang,0.080238,111.495499
KAPUAS HULU,8.03,7.4,68.58,Sedang,-0.7931004,113.9060624
SEKADAU,7.23,5.66,67.25,Sedang,0.015637,110.888603
MELAWI,7.66,10.62,68.66,Sedang,-0.7000681,111.6660725
KAYONG UTARA,6.54,8.84,65.74,Sedang,-0.9225877,110.0449662
KUBU RAYA,7.05,4.08,70.25,Tinggi,-0.3533938,109.4735066
KOTA PONTIANAK,10.47,4.2,81.57,Sangat Tinggi,-0.022523,109.330307
KOTA SINGKAWANG,8.22,4.53,73.87,Tinggi,0.908795,108.984596
KOTAWARINGIN BARAT,8.77,4.11,74.44,Tinggi,-6.1961131,106.8630174
KOTAWARINGIN TIMUR,8.18,5.66,72.66,Tinggi,-6.1952992,106.8630737
KAPUAS,7.93,5.25,71.32,Tinggi,-0.0459972,110.1313251
BARITO SELATAN,9.22,4.83,72.36,Tinggi,-1.875943,114.8092691
BARITO UTARA,8.92,5.67,72.31,Tinggi,-0.9587136,115.094045
SUKAMARA,8.18,4.14,69.85,Sedang,-2.6267517,111.2368084
LAMANDAU,8.82,3.25,72.25,Tinggi,-1.9269166,111.1891151
SERUYAN,8.01,7.08,69.05,Sedang,-3.0123467,112.4291464
KATINGAN,8.95,5.26,70.7,Tinggi,-0.9758379,112.8105512
PULANG PISAU,8.42,4.56,70.27,Tinggi,-2.6849607,113.9536466
GUNUNG MAS,9.37,5.68,72.73,Tinggi,-6.7052778,106.9913889
BARITO TIMUR,9.54,6.66,73.26,Tinggi,-2.0123999,115.188916
MURUNG RAYA,7.94,6.58,70.03,Tinggi,-0.1362171,114.3341432
KOTA PALANGKA RAYA,11.66,3.52,82.2,Sangat Tinggi,-2.21,113.92
TANAH LAUT,7.94,3.74,71.43,Tinggi,-3.7694047,114.8092691
KOTA BARU,7.56,4.45,70.61,Tinggi,-6.332973,106.807915
BANJAR,7.95,2.36,71.87,Tinggi,-7.3666667,108.5333333
BARITO KUALA,7.92,4.36,68.84,Sedang,-3.0714738,114.6667939
TAPIN,8.15,3.33,72.51,Tinggi,-2.9160746,115.0465991
HULU SUNGAI SELATAN,8.09,3.38,71.21,Tinggi,-2.7662681,115.2363408
HULU SUNGAI TENGAH,8.35,5.81,70.69,Tinggi,-2.6153162,115.5207358
HULU SUNGAI UTARA,7.78,5.75,68.28,Sedang,-2.4421225,115.188916
TABALONG,9.15,5.64,74.41,Tinggi,-1.864302,115.5681084
TANAH BUMBU,8.43,3.41,72.95,Tinggi,-3.4512244,115.5681084
BALANGAN,8.13,4.87,71.34,Tinggi,-2.3260425,115.6154732
KOTA BANJARMASIN,10.35,4.58,79.05,Tinggi,-3.328499,114.589203
KOTA BANJAR BARU,11.0,3.79,80.51,Sangat Tinggi,-3.4666667,114.75
PASER,8.92,8.63,74.7,Tinggi,-1.7175266,115.9467997
KUTAI BARAT,8.89,9.56,74.5,Tinggi,0.1353881,115.094045
KUTAI KARTANEGARA,9.27,7.28,75.91,Tinggi,-0.1336655,116.6081653
KUTAI TIMUR,9.47,8.81,75.53,Tinggi,0.9433774,116.9852422
BERAU,9.57,5.08,76.66,Tinggi,2.0450883,117.3616476
PENAJAM PASER UTARA,8.57,6.69,73.9,Tinggi,-1.2917094,116.5137964
MAHAKAM ULU,8.5,10.75,70.35,Tinggi,-0.9701,114.7302
KOTA BALIKPAPAN,10.99,2.23,82.24,Sangat Tinggi,-1.2635389,116.8278833
KOTA SAMARINDA,10.95,4.3,82.81,Sangat Tinggi,-0.502183,117.153801
KOTA BONTANG,10.97,3.74,82.42,Sangat Tinggi,0.1333333,117.5
MALINAU,9.63,6.94,73.9,Tinggi,3.584221,116.647797
BULUNGAN,9.23,8.76,73.34,Tinggi,2.9042476,116.9852422
TANA TIDUNG,9.24,4.47,70.08,Tinggi,3.551869,117.0794082
NUNUKAN,8.39,5.73,68.52,Sedang,4.0609227,117.666952
KOTA TARAKAN,10.37,5.56,77.96,Tinggi,3.3,117.6333333
BOLAANG MONGONDOW,8.38,7.74,70.29,Tinggi,0.6870994,124.0641419
MINAHASA,10.23,6.53,77.74,Tinggi,1.0,124.5833333
KEPULAUAN SANGIHE,8.65,10.84,72.71,Tinggi,3.5303212,125.5438967
KEPULAUAN TALAUD,9.96,8.17,71.77,Tinggi,4.092,126.768
MINAHASA SELATAN,9.43,8.97,74.17,Tinggi,1.0946773,124.4641848
MINAHASA UTARA,10.35,6.95,75.89,Tinggi,1.5327973,124.994751
BOLAANG MONGONDOW UTARA,8.61,7.88,69.32,Sedang,0.818691,123.5280072
SIAU TAGULANDANG BIARO,9.43,8.32,70.31,Tinggi,2.345964,125.4124355
MINAHASA TENGGARA,9.14,11.72,72.66,Tinggi,1.0278551,124.7298765
BOLAANG MONGONDOW SELATAN,8.28,11.33,67.14,Sedang,0.4053215,123.8411288
BOLAANG MONGONDOW TIMUR,8.29,5.87,68.53,Sedang,0.7152651,124.4641848
KOTA MANADO,11.46,5.43,80.63,Sangat Tinggi,1.4917014,124.842843
KOTA BITUNG,9.96,6.27,75.71,Tinggi,1.4553529,125.204697
KOTA TOMOHON,11.03,5.38,78.89,Tinggi,1.3234131,124.8384504
KOTA KOTAMOBAGU,10.35,5.12,75.27,Tinggi,0.7333333,124.3166667
BANGGAI KEPULAUAN,8.7,12.32,67.43,Sedang,-1.6408137,123.5504076
BANGGAI,8.81,6.56,72.32,Tinggi,-1.6408137,123.5504076
MOROWALI,9.38,11.55,73.54,Tinggi,-2.3003072,121.5370003
POSO,9.54,14.23,72.87,Tinggi,-1.391922,120.766998
DONGGALA,8.0,15.3,67.45,Sedang,-0.4233155,119.8352303
TOLI-TOLI,8.91,12.45,68.37,Sedang,0.8768231,120.7579834
BUOL,9.2,13.08,70.28,Tinggi,0.9695452,121.3541631
PARIGI MOUTONG,8.05,14.2,67.49,Sedang,0.5817607,120.8039474
TOJO UNA-UNA,8.56,16.36,66.97,Sedang,-1.098757,121.5370003
SIGI,9.04,12.06,70.51,Tinggi,-1.3834127,120.0665236
BANGGAI LAUT,8.65,13.78,67.43,Sedang,-1.5976,123.5133
MOROWALI UTARA,9.13,11.95,70.58,Tinggi,-1.9904,121.3326
KOTA PALU,11.75,5.94,82.88,Sangat Tinggi,-0.898583,119.850601
KEPULAUAN SELAYAR,8.49,10.79,70.03,Tinggi,-6.0,120.5
BULUKUMBA,8.52,6.71,71.97,Tinggi,-5.4329368,120.2051096
BANTAENG,7.26,8.26,71.48,Tinggi,-5.5169316,120.0202964
JENEPONTO,7.01,11.82,66.38,Sedang,-5.554579,119.6730939
TAKALAR,7.73,7.75,69.47,Sedang,-5.4162493,119.4875668
GOWA,8.53,6.85,72.26,Tinggi,-5.3102888,119.742604
SINJAI,7.82,7.82,69.52,Sedang,-5.2171961,120.112735
MAROS,8.05,9.32,72.11,Tinggi,-4.94695,119.578903
PANGKAJENE DAN KEPULAUAN,8.47,12.41,71.22,Tinggi,-4.805035,119.5571677
BARRU,8.8,8.31,73.06,Tinggi,-4.4172651,119.6730939
BONE,7.55,9.58,68.36,Sedang,-2.083333,120.216667
SOPPENG,8.45,6.9,71.39,Tinggi,-4.3518541,119.9277947
WAJO,7.46,6.47,71.52,Tinggi,-4.022229,120.0665236
SIDENRENG RAPPANG,8.21,5.02,73.21,Tinggi,-3.7738981,120.0202964
PINRANG,8.53,8.55,73.55,Tinggi,-3.793071,119.6408
ENREKANG,9.11,11.25,74.61,Tinggi,-3.563128,119.7612
LUWU,8.81,11.7,72.79,Tinggi,-3.3052214,120.2512728
TANA TORAJA,8.77,10.79,71.67,Tinggi,-3.0753003,119.742604
LUWU UTARA,8.37,11.24,72.07,Tinggi,-2.2690446,119.9740534
LUWU TIMUR,8.94,6.55,74.95,Tinggi,-2.5825518,121.1710389
TORAJA UTARA,8.54,10.73,71.85,Tinggi,-2.8621942,119.8352303
KOTA MAKASSAR,11.57,4.97,83.9,Sangat Tinggi,-5.1333333,119.4166667
KOTA PAREPARE,10.88,5.27,79.64,Tinggi,-4.0166667,119.6236111
KOTA PALOPO,11.16,7.35,79.94,Tinggi,-3.0,120.2
BUTON,8.63,13.99,68.88,Sedang,-5.3096355,122.9888319
MUNA,8.71,13.78,71.05,Tinggi,-4.901629,122.6277455
KONAWE,9.69,13.25,73.39,Tinggi,-3.9380432,122.0837445
KOLAKA,9.38,11.67,75.18,Tinggi,-4.049665,121.593803
KONAWE SELATAN,8.76,11.2,71.19,Tinggi,-4.2027915,122.4467238
BOMBANA,8.1,10.54,68.15,Sedang,-4.6543462,121.9017954
WAKATOBI,8.53,14.36,72.02,Tinggi,-5.3264442,123.5951925
KOLAKA UTARA,8.82,13.51,71.7,Tinggi,-3.1347227,121.1710389
BUTON UTARA,9.24,14.09,70.6,Tinggi,-4.7023424,123.0338767
KONAWE UTARA,9.61,13.17,72.32,Tinggi,-3.3803291,122.0837445
KOLAKA TIMUR,8.43,13.71,70.27,Tinggi,-4.1039,121.9022
KONAWE KEPULAUAN,9.46,15.54,67.99,Sedang,-4.1351,123.0487
MUNA BARAT,8.09,13.38,68.06,Sedang,-4.8166,122.4411
BUTON TENGAH,7.35,14.4,66.47,Sedang,-5.2891,122.4283
BUTON SELATAN,7.75,14.28,67.0,Sedang,-5.6726,122.6074
KOTA KENDARI,12.55,4.23,85.33,Sangat Tinggi,-3.972201,122.5149028
KOTA BAUBAU,11.03,7.4,78.13,Tinggi,-5.46667,122.633
KABUPATEN GORONTALO,8.29,14.57,71.23,Tinggi,0.5333333,123.0666667
BOALEMO,7.31,17.83,68.74,Sedang,0.7013419,122.2653887
GORONTALO,7.95,16.43,69.66,Sedang,0.5333333,123.0666667
POHUWATO,7.78,17.11,68.02,Sedang,0.7055278,121.7195459
BONE BOLANGO,8.52,14.8,72.38,Tinggi,0.5657885,123.3486147
GORONTALO UTARA,7.4,16.86,67.46,Sedang,0.9252647,122.4920088
KOTA GORONTALO,10.41,5.74,79.18,Tinggi,0.5333333,123.0666667
MAJENE,9.46,13.64,69.42,Sedang,-3.0297251,118.9062794
POLEWALI MANDAR,7.72,15.66,66.22,Sedang,-3.3419323,119.1390642
MAMASA,8.13,14.2,68.37,Sedang,-2.960135,119.368202
MAMUJU,8.35,7.15,70.4,Tinggi,-2.7293364,118.9295737
MAMUJU UTARA,8.13,5.21,69.73,Sedang,-1.5264542,119.5107708
MAMUJU TENGAH,7.94,7.72,68.36,Sedang,-2.0722,119.4316
MALUKU TENGGARA BARAT,9.92,23.66,64.83,Sedang,-7.5322642,131.3611121
MALUKU TENGGARA,9.84,21.22,68.24,Sedang,-5.7512455,132.7271587
MALUKU TENGAH,9.79,17.67,73.21,Tinggi,-3.0166501,129.4864411
BURU,9.02,16.08,71.01,Tinggi,-3.3927754,126.7819505
KEPULAUAN ARU,9.21,23.39,65.83,Sedang,-6.1946502,134.5501935
SERAM BAGIAN BARAT,9.59,22.31,68.39,Sedang,-3.1271575,128.4008357
SERAM BAGIAN TIMUR,9.0,21.03,66.24,Sedang,-3.4150761,130.390488
MALUKU BARAT DAYA,9.13,27.95,64.86,Sedang,-7.7851588,126.3498097
BURU SELATAN,8.48,14.91,67.09,Sedang,-3.3927754,126.7819505
KOTA AMBON,12.24,5.13,82.56,Sangat Tinggi,-3.65607,128.166419
KOTA TUAL,10.67,20.01,70.21,Tinggi,-5.640851,132.7475093
HALMAHERA BARAT,8.59,8.75,67.53,Sedang,1.3121235,128.4849923
HALMAHERA TENGAH,9.2,10.71,68.45,Sedang,1.3121235,128.4849923
KEPULAUAN SULA,9.17,7.96,65.99,Sedang,-1.8666667,125.3666667
HALMAHERA SELATAN,8.42,5.63,66.66,Sedang,1.3121235,128.4849923
HALMAHERA UTARA,8.67,4.71,69.78,Sedang,1.3121235,128.4849923
HALMAHERA TIMUR,8.88,11.91,69.58,Sedang,1.3121235,128.4849923
PULAU MOROTAI,7.73,5.11,65.68,Sedang,2.3275,128.4116
PULAU TALIABU,7.99,7.13,62.9,Sedang,-1.8219,124.8329
KOTA TERNATE,12.08,3.14,82.12,Sangat Tinggi,0.7833333,127.3666667
KOTA TIDORE KEPULAUAN,10.12,6.56,72.91,Tinggi,0.6833333,127.4
FAKFAK,9.32,20.86,70.39,Tinggi,-2.885237,132.2658282
KAIMANA,8.97,14.41,67.6,Sedang,-3.660925,133.774506
TELUK WONDAMA,7.38,28.47,62.36,Sedang,-2.8551699,134.3236557
TELUK BINTUNI,8.67,26.99,66.75,Sedang,-1.9056848,133.329466
MANOKWARI,8.67,18.45,73.83,Tinggi,-0.8614531,134.0620421
MANOKWARI SELATAN,7.17,26.83,62.45,Sedang,-1.2291,134.1166
PEGUNUNGAN ARFAK,5.72,31.76,58.73,Rendah,-1.3533,133.8242
RAJA AMPAT,8.4,15.83,65.86,Sedang,-1.0915151,130.8778586
SORONG,8.74,25.71,68.29,Sedang,-0.8666667,131.25
SORONG SELATAN,7.76,17.83,64.5,Sedang,-0.8666667,131.25
MAYBRAT,7.44,29.18,61.83,Sedang,3.1472,101.6997
TAMBRAUW,5.89,29.88,56.32,Rendah,-0.781856,132.3938375
KOTA SORONG,11.57,13.67,79.93,Tinggi,-0.8666667,131.25
JAYAPURA,10.57,11.6,74.11,Tinggi,-2.533,140.717
KEPULAUAN YAPEN,9.71,25.69,69.65,Sedang,-1.7469359,136.1709012
BIAK NUMFOR,10.55,23.46,73.98,Tinggi,-1.0381022,135.9800848
SARMI,9.61,14.05,66.72,Sedang,-1.868727,138.743607
KEEROM,8.58,15.84,68.68,Sedang,-3.3449536,140.7624493
WAROPEN,9.42,29.85,66.92,Sedang,-2.8435717,136.670534
SUPIORI,9.21,37.72,65.15,Sedang,-0.7295099,135.6385125
MAMBERAMO RAYA,6.49,30.29,55.0,Rendah,-2.5331255,137.7637565
KOTA JAYAPURA,12.07,10.72,81.67,Sangat Tinggi,-2.533,140.717
MERAUKE,9.37,10.19,72.73,Tinggi,-8.4960406,140.3945527
BOVEN DIGOEL,9.42,19.24,64.26,Sedang,-5.7400018,140.3481835
MAPPI,7.16,25.7,61.51,Sedang,-7.102232,139.396393
ASMAT,5.82,24.5,53.92,Rendah,-5.0573958,138.3988186
MIMIKA,10.72,14.18,76.85,Tinggi,-4.4553223,137.1362125
DOGIYAI,4.98,30.03,57.68,Rendah,-4.0193872,135.9610446
DEIYAI,3.29,39.01,52.07,Rendah,-4.0974893,136.4393054
NABIRE,10.42,24.0,71.77,Tinggi,-3.5095462,135.7520985
PANIAI,4.81,37.07,58.69,Rendah,-3.7876441,136.3624686
INTAN JAYA,3.28,41.42,50.71,Rendah,-3.5076422,136.7478493
PUNCAK,2.39,37.49,45.6,Rendah,-6.7125476,106.9542425
PUNCAK JAYA,4.42,35.94,51.78,Rendah,-4.0836111,137.1847222
NDUGA,1.92,36.28,36.3,Rendah,-4.4069496,138.2393528
JAYAWIJAYA,5.99,32.28,61.03,Sedang,-4.0004481,138.7995122
LANNY JAYA,3.83,34.12,51.59,Rendah,-3.971033,138.3190276
TOLIKARA,3.69,31.22,52.05,Rendah,-3.481132,138.4787258
MAMBERAMO TENGAH,3.7,35.27,50.72,Rendah,-2.3745692,138.3190276
YALIMO,3.55,30.02,51.85,Rendah,-3.7852847,139.4466005
YAHUKIMO,4.35,33.82,51.98,Rendah,-4.4939717,139.5279996
PEGUNUNGAN BINTANG,3.51,28.95,49.36,Rendah,-4.5589872,140.5135589
